{
  "auc": 0.7768272926191164,
  "gini": 0.5536545852382329,
  "ks_statistic": 0.4179389245053176,
  "recall_at_top_20pct": 0.5188962207558488,
  "n_train": 22434,
  "n_test": 7566,
  "test_default_rate": 0.22032778218345228,
  "band_thresholds": {
    "high": 61.832061068702295,
    "elevated": 31.82751540041067
  },
  "band_distribution_test": {
    "Watch": 0.6531853026698388,
    "Elevated": 0.2430610626486915,
    "High": 0.10375363468146974
  },
  "note": "AUC/Gini/KS/recall@20% reported instead of accuracy because the target is a ~22% base-rate rare event; a trivial all-negative classifier scores ~78% accuracy while capturing zero defaulters. OOT split uses a simulated loan-vintage field (see notebook) since the source dataset has no real date field."
}